SN,DATE,MinTemp,MaxTemp,AvgTemp,Sunrise,Sunset
1,01-01-14,33,46,40,657,1756
2,01-02-14,35,50,43,657,1756
3,01-03-14,36,45,41,657,1757
4,01-04-14,32,41,37,658,1757
5,01-05-14,24,38,31,658,1758
6,01-06-14,22,39,31,658,1759
7,01-07-14,28,45,37,658,1759
8,01-08-14,30,41,36,659,1800
9,01-09-14,29,42,36,659,1801
10,01-10-14,30,47,39,659,1801
11,01-11-14,32,47,40,659,1802
12,01-12-14,30,47,39,659,1803
13,1/13/2014,29,42,36,659,1803
14,1/14/2014,31,47,39,659,1804
15,1/15/2014,35,51,43,659,1804
16,1/16/2014,35,55,45,700,1805
17,1/17/2014,42,57,50,700,1806
18,1/18/2014,38,54,46,700,1806
19,1/19/2014,37,51,44,700,1807
20,1/20/2014,36,53,45,659,1808
21,1/21/2014,40,55,48,659,1808
22,1/22/2014,31,44,38,659,1809
23,1/23/2014,31,46,39,659,1810
24,1/24/2014,39,54,47,659,1810
25,1/25/2014,41,62,52,659,1811
26,1/26/2014,42,58,50,659,1811
27,1/27/2014,38,51,45,659,1812
28,1/28/2014,29,39,34,658,1813
29,1/29/2014,30,36,33,658,1813
30,1/30/2014,28,39,34,658,1814
31,1/31/2014,33,42,38,658,1814
32,02-01-14,35,50,43,657,1815
33,02-02-14,37,49,43,657,1816
34,02-03-14,36,50,43,657,1816
35,02-04-14,36,55,46,656,1817
36,02-05-14,38,53,46,656,1817
37,02-06-14,39,49,44,655,1818
38,02-07-14,39,52,46,655,1818
39,02-08-14,37,52,45,655,1819
40,02-09-14,34,57,46,654,1819
41,02-10-14,36,54,45,654,1820
42,02-11-14,34,52,43,653,1820
43,02-12-14,35,52,44,653,1821
44,2/13/2014,35,49,42,652,1821
45,2/14/2014,36,48,42,652,1822
46,2/15/2014,38,55,47,651,1822
47,2/16/2014,36,46,41,651,1823
48,2/17/2014,36,43,40,650,1823
49,2/18/2014,37,45,41,649,1823
50,2/19/2014,35,46,41,649,1824
51,2/20/2014,33,47,40,648,1824
52,2/21/2014,34,48,41,647,1825
53,2/22/2014,34,48,41,647,1825
54,2/23/2014,33,48,41,646,1825
55,2/24/2014,33,50,42,646,1826
56,2/25/2014,33,47,40,645,1826
57,2/26/2014,36,50,43,644,1827
58,2/27/2014,36,55,46,643,1827
59,2/28/2014,36,57,47,643,1827
60,03-01-14,41,55,48,642,1828
61,03-02-14,31,45,38,641,1828
62,03-03-14,31,42,37,640,1828
63,03-04-14,34,43,39,640,1829
64,03-05-14,33,46,40,639,1829
65,03-06-14,35,46,41,638,1829
66,03-07-14,34,54,44,637,1830
67,03-08-14,34,43,39,637,1830
68,03-09-14,36,47,42,636,1830
69,03-10-14,32,47,40,635,1831
70,03-11-14,31,49,40,634,1831
71,03-12-14,29,50,40,633,1831
72,3/13/2014,33,55,44,632,1832
73,3/14/2014,36,51,44,632,1832
74,3/15/2014,32,48,40,631,1832
75,3/16/2014,31,49,40,630,1832
76,3/17/2014,36,53,45,629,1833
77,3/18/2014,35,53,44,628,1833
78,3/19/2014,35,53,44,627,1833
79,3/20/2014,33,48,41,626,1833
80,3/21/2014,30,48,39,626,1834
81,3/22/2014,30,43,37,625,1834
82,3/23/2014,32,45,39,624,1834
83,3/24/2014,31,51,41,623,1834
84,3/25/2014,34,53,44,622,1835
85,3/26/2014,35,55,45,621,1835
86,3/27/2014,31,46,39,620,1835
87,3/28/2014,29,43,36,620,1835
88,3/29/2014,32,39,36,619,1836
89,3/30/2014,32,41,37,618,1836
90,3/31/2014,31,42,37,617,1836
91,04-01-14,34,45,40,616,1836
92,04-02-14,33,52,43,615,1837
93,04-03-14,36,51,44,614,1837
94,04-04-14,31,50,41,614,1837
95,04-05-14,31,51,41,613,1838
96,04-06-14,35,49,42,612,1838
97,04-07-14,35,49,42,611,1838
98,04-08-14,35,52,44,610,1838
99,04-09-14,36,53,45,610,1839
100,04-10-14,35,55,45,609,1839
101,04-11-14,37,56,47,608,1839
102,04-12-14,36,52,44,607,1839
103,4/13/2014,32,49,41,606,1840
104,4/14/2014,31,50,41,606,1840
105,4/15/2014,36,53,45,605,1840
106,4/16/2014,40,59,50,604,1841
107,4/17/2014,42,58,50,603,1841
108,4/18/2014,43,60,52,602,1841
109,4/19/2014,43,60,52,602,1841
110,4/20/2014,41,57,49,601,1842
111,4/21/2014,40,54,47,600,1842
112,4/22/2014,38,58,48,600,1842
113,4/23/2014,41,58,50,559,1843
114,4/24/2014,41,59,50,558,1843
115,4/25/2014,43,59,51,558,1843
116,4/26/2014,45,62,54,557,1844
117,4/27/2014,42,53,48,556,1844
118,4/28/2014,40,53,47,556,1844
119,4/29/2014,39,53,46,555,1845
120,4/30/2014,37,50,44,554,1845
121,05-01-14,36,53,45,554,1845
122,05-02-14,38,51,45,553,1846
123,05-03-14,36,55,46,553,1846
124,05-04-14,36,55,46,552,1846
125,05-05-14,40,54,47,552,1847
126,05-06-14,40,58,49,551,1847
127,05-07-14,42,60,51,550,1847
128,05-08-14,42,61,52,550,1848
129,05-09-14,44,59,52,550,1848
130,05-10-14,42,56,49,549,1849
131,05-11-14,40,56,48,549,1849
132,05-12-14,38,55,47,548,1849
133,5/13/2014,38,56,47,548,1850
134,5/14/2014,40,55,48,547,1850
135,5/15/2014,41,58,50,547,1851
136,5/16/2014,44,60,52,547,1851
137,5/17/2014,,,,546,1851
138,5/18/2014,43,60,52,546,1852
139,5/19/2014,44,60,52,546,1852
140,5/20/2014,44,62,53,545,1853
141,5/21/2014,47,62,55,545,1853
142,5/22/2014,44,59,52,545,1853
143,5/23/2014,41,58,50,545,1854
144,5/24/2014,39,57,48,544,1854
145,5/25/2014,38,52,45,544,1855
146,5/26/2014,36,47,42,544,1855
147,5/27/2014,35,49,42,544,1855
148,5/28/2014,35,51,43,544,1856
149,5/29/2014,34,53,44,543,1856
150,5/30/2014,36,55,46,543,1856
151,5/31/2014,35,51,43,543,1857
152,06-01-14,34,53,44,543,1857
153,06-02-14,36,48,42,543,1858
154,06-03-14,38,53,46,543,1858
155,06-04-14,37,53,45,543,1858
156,06-05-14,40,55,48,543,1859
157,06-06-14,35,52,44,543,1859
158,06-07-14,36,53,45,543,1859
159,06-08-14,42,54,48,543,1900
160,06-09-14,44,57,51,543,1900
161,06-10-14,43,60,52,543,1900
162,06-11-14,42,55,49,543,1901
163,06-12-14,37,53,45,543,1901
164,6/13/2014,35,57,46,543,1901
165,6/14/2014,37,62,50,544,1902
166,6/15/2014,42,60,51,544,1902
167,6/16/2014,41,58,50,544,1902
168,6/17/2014,37,52,45,544,1902
169,6/18/2014,36,51,44,544,1903
170,6/19/2014,40,57,49,544,1903
171,6/20/2014,39,52,46,545,1903
172,6/21/2014,35,48,42,545,1903
173,6/22/2014,37,53,45,545,1904
174,6/23/2014,41,60,51,545,1904
175,6/24/2014,42,60,51,545,1904
176,6/25/2014,45,62,54,546,1904
177,6/26/2014,48,64,56,546,1904
178,6/27/2014,47,60,54,546,1904
179,6/28/2014,47,59,53,546,1905
180,6/29/2014,45,61,53,547,1905
181,6/30/2014,43,61,52,547,1905
182,07-01-14,45,62,54,547,1905
183,07-02-14,47,61,54,548,1905
184,07-03-14,48,66,57,548,1905
185,07-04-14,47,65,56,548,1905
186,07-05-14,43,61,52,549,1905
187,07-06-14,40,58,49,549,1905
188,07-07-14,40,56,48,549,1905
189,07-08-14,44,55,50,550,1905
190,07-09-14,43,59,51,550,1905
191,07-10-14,43,62,53,550,1905
192,07-11-14,43,62,53,551,1905
193,07-12-14,42,61,52,551,1905
194,7/13/2014,40,56,48,551,1904
195,7/14/2014,41,51,46,552,1904
196,7/15/2014,38,55,47,552,1904
197,7/16/2014,39,52,46,553,1904
198,7/17/2014,39,59,49,553,1904
199,7/18/2014,37,59,48,553,1904
200,7/19/2014,41,56,49,554,1903
201,7/20/2014,41,51,46,554,1903
202,7/21/2014,42,58,50,554,1903
203,7/22/2014,43,52,48,555,1902
204,7/23/2014,44,61,53,555,1902
205,7/24/2014,45,62,54,556,1902
206,7/25/2014,44,64,54,556,1901
207,7/26/2014,42,57,50,556,1901
208,7/27/2014,38,54,46,557,1901
209,7/28/2014,35,58,47,557,1900
210,7/29/2014,34,53,44,557,1900
211,7/30/2014,38,56,47,558,1859
212,7/31/2014,39,55,47,558,1859
213,08-01-14,44,62,53,558,1859
214,08-02-14,42,60,51,559,1858
215,08-03-14,43,60,52,559,1858
216,08-04-14,44,64,54,559,1857
217,08-05-14,43,61,52,600,1857
218,08-06-14,40,60,50,600,1856
219,08-07-14,41,50,46,600,1855
220,08-08-14,41,52,47,601,1855
221,08-09-14,39,57,48,601,1854
222,08-10-14,38,53,46,601,1854
223,08-11-14,39,56,48,602,1853
224,08-12-14,40,58,49,602,1852
225,8/13/2014,41,62,52,602,1852
226,8/14/2014,44,63,54,603,1851
227,8/15/2014,45,63,54,603,1850
228,8/16/2014,42,62,52,603,1850
229,8/17/2014,39,58,49,603,1849
230,8/18/2014,38,57,48,604,1848
231,8/19/2014,36,55,46,604,1848
232,8/20/2014,38,54,46,604,1847
233,8/21/2014,40,56,48,604,1846
234,8/22/2014,39,57,48,605,1845
235,8/23/2014,43,60,52,605,1845
236,8/24/2014,42,59,51,605,1844
237,8/25/2014,41,60,51,605,1843
238,8/26/2014,41,56,49,606,1842
239,8/27/2014,40,55,48,606,1841
240,8/28/2014,39,56,48,606,1841
241,8/29/2014,38,55,47,606,1840
242,8/30/2014,44,59,52,607,1839
243,8/31/2014,42,60,51,607,1838
244,09-01-14,38,55,47,607,1837
245,09-02-14,42,59,51,607,1836
246,09-03-14,42,60,51,607,1836
247,09-04-14,44,58,51,608,1835
248,09-05-14,44,61,53,608,1834
249,09-06-14,41,58,50,608,1833
250,09-07-14,39,54,47,608,1832
251,09-08-14,39,53,46,608,1831
252,09-09-14,39,54,47,609,1830
253,09-10-14,40,55,48,609,1829
254,09-11-14,42,56,49,609,1828
255,09-12-14,39,60,50,609,1828
256,9/13/2014,41,60,51,609,1827
257,9/14/2014,42,59,51,610,1826
258,9/15/2014,43,57,50,610,1825
259,9/16/2014,40,52,46,610,1824
260,9/17/2014,39,53,46,610,1823
261,9/18/2014,37,55,46,610,1822
262,9/19/2014,40,54,47,611,1821
263,9/20/2014,41,51,46,611,1820
264,9/21/2014,38,52,45,611,1819
265,9/22/2014,40,56,48,611,1819
266,9/23/2014,41,59,50,611,1818
267,9/24/2014,41,58,50,612,1817
268,9/25/2014,40,56,48,612,1816
269,9/26/2014,41,61,51,612,1815
270,9/27/2014,42,52,47,612,1814
271,9/28/2014,42,56,49,612,1813
272,9/29/2014,40,54,47,613,1812
273,9/30/2014,35,52,44,613,1811
274,10-01-14,37,53,45,613,1811
275,10-02-14,38,52,45,613,1810
276,10-03-14,36,52,44,614,1809
277,10-04-14,38,52,45,614,1808
278,10-05-14,40,52,46,614,1807
279,10-06-14,38,54,46,614,1806
280,10-07-14,42,53,48,615,1805
281,10-08-14,42,56,49,615,1805
282,10-09-14,42,60,51,615,1804
283,10-10-14,39,58,49,615,1803
284,10-11-14,39,54,47,616,1802
285,10-12-14,36,53,45,616,1801
286,10/13/2014,33,53,43,616,1801
287,10/14/2014,37,54,46,616,1800
288,10/15/2014,39,58,49,617,1759
289,10/16/2014,43,61,52,617,1758
290,10/17/2014,44,51,48,617,1758
291,10/18/2014,43,48,46,618,1757
292,10/19/2014,42,54,48,618,1756
293,10/20/2014,41,60,51,618,1755
294,10/21/2014,38,59,49,619,1755
295,10/22/2014,41,55,48,619,1754
296,10/23/2014,36,56,46,620,1753
297,10/24/2014,40,58,49,620,1753
298,10/25/2014,39,58,49,620,1752
299,10/26/2014,37,59,48,621,1752
300,10/27/2014,39,55,47,621,1751
301,10/28/2014,40,58,49,622,1750
302,10/29/2014,41,57,49,622,1750
303,10/30/2014,39,56,48,622,1749
304,10/31/2014,37,56,47,623,1749
305,11-01-14,37,51,44,623,1748
306,11-02-14,41,54,48,624,1748
307,11-03-14,40,54,47,624,1747
308,11-04-14,37,48,43,625,1747
309,11-05-14,39,56,48,625,1746
310,11-06-14,43,56,50,626,1746
311,11-07-14,38,57,48,626,1746
312,11-08-14,36,55,46,627,1745
313,11-09-14,37,59,48,627,1745
314,11-10-14,42,60,51,628,1745
315,11-11-14,42,57,50,628,1744
316,11-12-14,41,56,49,629,1744
317,11/13/2014,39,56,48,629,1744
318,11/14/2014,38,54,46,630,1743
319,11/15/2014,37,51,44,630,1743
320,11/16/2014,38,55,47,631,1743
321,11/17/2014,42,57,50,632,1743
322,11/18/2014,38,56,47,632,1743
323,11/19/2014,37,56,47,633,1743
324,11/20/2014,39,51,45,633,1742
325,11/21/2014,39,55,47,634,1742
326,11/22/2014,38,54,46,635,1742
327,11/23/2014,33,53,43,635,1742
328,11/24/2014,41,59,50,636,1742
329,11/25/2014,42,59,51,636,1742
330,11/26/2014,41,55,48,637,1742
331,11/27/2014,39,57,48,638,1742
332,11/28/2014,38,56,47,638,1742
333,11/29/2014,35,54,45,639,1742
334,11/30/2014,35,50,43,640,1742
335,12-01-14,35,52,44,640,1743
336,12-02-14,35,51,43,641,1743
337,12-03-14,38,51,45,641,1743
338,12-04-14,42,52,47,642,1743
339,12-05-14,39,50,45,643,1743
340,12-06-14,36,51,44,643,1743
341,12-07-14,36,56,46,644,1744
342,12-08-14,38,58,48,645,1744
343,12-09-14,39,56,48,645,1744
344,12-10-14,39,60,50,646,1745
345,12-11-14,42,60,51,646,1745
346,12-12-14,37,55,46,647,1745
347,12/13/2014,37,56,47,648,1746
348,12/14/2014,38,56,47,648,1746
349,12/15/2014,40,57,49,649,1746
350,12/16/2014,40,57,49,649,1747
351,12/17/2014,38,57,48,650,1747
352,12/18/2014,40,56,48,650,1748
353,12/19/2014,42,59,51,651,1748
354,12/20/2014,39,56,48,651,1749
355,12/21/2014,36,52,44,652,1749
356,12/22/2014,31,47,39,652,1750
357,12/23/2014,31,41,36,653,1750
358,12/24/2014,36,45,41,653,1751
359,12/25/2014,40,54,47,654,1751
360,12/26/2014,41,53,47,654,1752
361,12/27/2014,37,51,44,655,1752
362,12/28/2014,39,56,48,655,1753
363,12/29/2014,36,54,45,655,1753
364,12/30/2014,36,53,45,656,1754
365,12/31/2014,34,53,44,656,1755
366,01-01-15,38,51,45,657,1756
367,01-02-15,34,40,37,657,1756
368,01-03-15,29,36,33,657,1757
369,01-04-15,31,44,38,658,1757
370,01-05-15,37,51,44,658,1758
371,01-06-15,38,52,45,658,1759
372,01-07-15,38,54,46,658,1759
373,01-08-15,38,57,48,659,1800
374,01-09-15,36,55,46,659,1801
375,01-10-15,34,51,43,659,1801
376,01-11-15,38,54,46,659,1802
377,01-12-15,40,57,49,659,1803
378,1/13/2015,41,56,49,659,1803
379,1/14/2015,35,58,47,659,1804
380,1/15/2015,38,58,48,659,1804
381,1/16/2015,40,56,48,700,1805
382,1/17/2015,38,58,48,700,1806
383,1/18/2015,37,57,47,700,1806
384,1/19/2015,37,59,48,700,1807
385,1/20/2015,36,56,46,659,1808
386,1/21/2015,40,58,49,659,1808
387,1/22/2015,39,54,47,659,1809
388,1/23/2015,43,65,54,659,1810
389,1/24/2015,41,61,51,659,1810
390,1/25/2015,40,55,48,659,1811
391,1/26/2015,42,59,51,659,1811
392,1/27/2015,36,58,47,659,1812
393,1/28/2015,36,54,45,658,1813
394,1/29/2015,35,54,45,658,1813
395,1/30/2015,36,54,45,658,1814
396,1/31/2015,33,53,43,658,1814
397,02-01-15,36,53,45,657,1815
398,02-02-15,38,54,46,657,1816
399,02-03-15,41,54,48,657,1816
400,02-04-15,39,50,45,656,1817
401,02-05-15,38,50,44,656,1817
402,02-06-15,33,47,40,655,1818
403,02-07-15,32,54,43,655,1818
404,02-08-15,43,59,51,655,1819
405,02-09-15,42,55,49,654,1819
406,02-10-15,35,50,43,654,1820
407,02-11-15,34,54,44,653,1820
408,02-12-15,37,53,45,653,1821
409,2/13/2015,40,54,47,652,1821
410,2/14/2015,38,57,48,652,1822
411,2/15/2015,37,51,44,651,1822
412,2/16/2015,37,53,45,651,1823
413,2/17/2015,36,54,45,650,1823
414,2/18/2015,36,54,45,649,1823
415,2/19/2015,38,56,47,649,1824
416,2/20/2015,39,54,47,648,1824
417,2/21/2015,36,51,44,647,1825
418,2/22/2015,35,52,44,647,1825
419,2/23/2015,40,53,47,646,1825
420,2/24/2015,40,56,48,646,1826
421,2/25/2015,39,57,48,645,1826
422,2/26/2015,36,48,42,644,1827
423,2/27/2015,35,49,42,643,1827
424,2/28/2015,35,44,40,643,1827
425,03-01-15,33,44,39,642,1828
426,03-02-15,32,43,38,641,1828
427,03-03-15,33,46,40,640,1828
428,03-04-15,33,39,36,640,1829
429,03-05-15,33,48,41,639,1829
430,03-06-15,35,49,42,638,1829
431,03-07-15,38,53,46,637,1830
432,03-08-15,32,46,39,637,1830
433,03-09-15,33,37,35,636,1830
434,03-10-15,34,42,38,635,1831
435,03-11-15,31,37,34,634,1831
436,03-12-15,32,39,36,633,1831
437,3/13/2015,31,41,36,632,1832
438,3/14/2015,31,47,39,632,1832
439,3/15/2015,33,51,42,631,1832
440,3/16/2015,36,54,45,630,1832
441,3/17/2015,36,57,47,629,1833
442,3/18/2015,36,57,47,628,1833
443,3/19/2015,39,60,50,627,1833
444,3/20/2015,38,61,50,626,1833
445,3/21/2015,41,60,51,626,1834
446,3/22/2015,37,56,47,625,1834
447,3/23/2015,38,58,48,624,1834
448,3/24/2015,36,56,46,623,1834
449,3/25/2015,38,54,46,622,1835
450,3/26/2015,34,59,47,621,1835
451,3/27/2015,39,58,49,620,1835
452,3/28/2015,42,58,50,620,1835
453,3/29/2015,39,57,48,619,1836
454,3/30/2015,36,54,45,618,1836
455,3/31/2015,31,50,41,617,1836
456,04-01-15,32,49,41,616,1836
457,04-02-15,31,49,40,615,1837
458,04-03-15,35,50,43,614,1837
459,04-04-15,39,51,45,614,1837
460,04-05-15,35,53,44,613,1838
461,04-06-15,35,52,44,612,1838
462,04-07-15,33,47,40,611,1838
463,04-08-15,33,52,43,610,1838
464,04-09-15,34,51,43,610,1839
465,04-10-15,35,49,42,609,1839
466,04-11-15,35,48,42,608,1839
467,04-12-15,33,48,41,607,1839
468,4/13/2015,36,53,45,606,1840
469,4/14/2015,39,52,46,606,1840
470,4/15/2015,37,48,43,605,1840
471,4/16/2015,34,47,41,604,1841
472,4/17/2015,34,50,42,603,1841
473,4/18/2015,37,53,45,602,1841
474,4/19/2015,40,58,49,602,1841
475,4/20/2015,39,60,50,601,1842
476,4/21/2015,43,63,53,600,1842
477,4/22/2015,40,60,50,600,1842
478,4/23/2015,39,57,48,559,1843
479,4/24/2015,43,58,51,558,1843
480,4/25/2015,43,57,50,558,1843
481,4/26/2015,41,55,48,557,1844
482,4/27/2015,37,54,46,556,1844
483,4/28/2015,33,55,44,556,1844
484,4/29/2015,37,59,48,555,1845
485,4/30/2015,36,57,47,554,1845
486,05-01-15,37,53,45,554,1845
487,05-02-15,35,50,43,553,1846
488,05-03-15,33,53,43,553,1846
489,05-04-15,40,55,48,552,1846
490,05-05-15,42,59,51,552,1847
491,05-06-15,42,63,53,551,1847
492,05-07-15,41,59,50,550,1847
493,05-08-15,38,59,49,550,1848
494,05-09-15,38,54,46,550,1848
495,05-10-15,36,51,44,549,1849
496,05-11-15,37,55,46,549,1849
497,05-12-15,37,51,44,548,1849
498,5/13/2015,33,45,39,548,1850
499,5/14/2015,31,49,40,547,1850
500,5/15/2015,32,52,42,547,1851
501,5/16/2015,33,56,45,547,1851
502,5/17/2015,38,60,49,546,1851
503,5/18/2015,38,58,48,546,1852
504,5/19/2015,39,55,47,546,1852
505,5/20/2015,39,54,47,545,1853
506,5/21/2015,37,55,46,545,1853
507,5/22/2015,39,59,49,545,1853
508,5/23/2015,41,55,48,545,1854
509,5/24/2015,39,59,49,544,1854
510,5/25/2015,42,62,52,544,1855
511,5/26/2015,43,64,54,544,1855
512,5/27/2015,44,57,51,544,1855
513,5/28/2015,43,60,52,544,1856
514,5/29/2015,44,62,53,543,1856
515,5/30/2015,41,54,48,543,1856
516,5/31/2015,39,52,46,543,1857
517,06-01-15,38,54,46,543,1857
518,06-02-15,41,56,49,543,1858
519,06-03-15,41,55,48,543,1858
520,06-04-15,39,55,47,543,1858
521,06-05-15,37,53,45,543,1859
522,06-06-15,36,55,46,543,1859
523,06-07-15,40,54,47,543,1859
524,06-08-15,38,56,47,543,1900
525,06-09-15,38,53,46,543,1900
526,06-10-15,37,49,43,543,1900
527,06-11-15,34,46,40,543,1901
528,06-12-15,32,50,41,543,1901
529,6/13/2015,39,52,46,543,1901
530,6/14/2015,42,57,50,544,1902
531,6/15/2015,41,63,52,544,1902
532,6/16/2015,48,61,55,544,1902
533,6/17/2015,46,65,56,544,1902
534,6/18/2015,45,67,56,544,1903
535,6/19/2015,43,61,52,544,1903
536,6/20/2015,43,60,52,545,1903
537,6/21/2015,45,60,53,545,1903
538,6/22/2015,45,59,52,545,1904
539,6/23/2015,46,65,56,545,1904
540,6/24/2015,42,60,51,545,1904
541,6/25/2015,42,59,51,546,1904
542,6/26/2015,42,57,50,546,1904
543,6/27/2015,38,56,47,546,1904
544,6/28/2015,42,55,49,546,1905
545,6/29/2015,40,56,48,547,1905
546,6/30/2015,40,56,48,547,1905
547,07-01-15,37,54,46,547,1905
548,07-02-15,38,54,46,548,1905
549,07-03-15,38,56,47,548,1905
550,07-04-15,39,56,48,548,1905
551,07-05-15,41,59,50,549,1905
552,07-06-15,43,60,52,549,1905
553,07-07-15,39,55,47,549,1905
554,07-08-15,40,53,47,550,1905
555,07-09-15,38,55,47,550,1905
556,07-10-15,40,55,48,550,1905
557,07-11-15,46,60,53,551,1905
558,07-12-15,46,58,52,551,1905
559,7/13/2015,45,57,51,551,1904
560,7/14/2015,45,60,53,552,1904
561,7/15/2015,44,66,55,552,1904
562,7/16/2015,43,59,51,553,1904
563,7/17/2015,41,54,48,553,1904
564,7/18/2015,39,56,48,553,1904
565,7/19/2015,43,56,50,554,1903
566,7/20/2015,40,51,46,554,1903
567,7/21/2015,37,49,43,554,1903
568,7/22/2015,37,52,45,555,1902
569,7/23/2015,39,59,49,555,1902
570,7/24/2015,43,59,51,556,1902
571,7/25/2015,45,56,51,556,1901
572,7/26/2015,42,58,50,556,1901
573,7/27/2015,44,55,50,557,1901
574,7/28/2015,40,55,48,557,1900
575,7/29/2015,46,62,54,557,1900
576,7/30/2015,48,64,56,558,1859
577,7/31/2015,45,63,54,558,1859
578,08-01-15,46,66,56,558,1859
579,08-02-15,45,52,49,559,1858
580,08-03-15,44,51,48,559,1858
581,08-04-15,40,54,47,559,1857
582,08-05-15,43,56,50,600,1857
583,08-06-15,41,54,48,600,1856
584,08-07-15,41,59,50,600,1855
585,08-08-15,43,64,54,601,1855
586,08-09-15,43,63,53,601,1854
587,08-10-15,40,59,50,601,1854
588,08-11-15,39,55,47,602,1853
589,08-12-15,40,55,48,602,1852
590,8/13/2015,40,56,48,602,1852
591,8/14/2015,44,56,50,603,1851
592,8/15/2015,41,53,47,603,1850
593,8/16/2015,41,52,47,603,1850
594,8/17/2015,42,53,48,603,1849
595,8/18/2015,40,52,46,604,1848
596,8/19/2015,39,52,46,604,1848
597,8/20/2015,38,51,45,604,1847
598,8/21/2015,42,65,54,604,1846
599,8/22/2015,46,59,53,605,1845
600,8/23/2015,45,57,51,605,1845
601,8/24/2015,43,48,46,605,1844
602,8/25/2015,42,52,47,605,1843
603,8/26/2015,42,55,49,606,1842
604,8/27/2015,41,57,49,606,1841
605,8/28/2015,43,59,51,606,1841
606,8/29/2015,42,59,51,606,1840
607,8/30/2015,42,56,49,607,1839
608,8/31/2015,41,55,48,607,1838
609,09-01-15,42,60,51,607,1837
610,09-02-15,43,52,48,607,1836
611,09-03-15,42,52,47,607,1836
612,09-04-15,40,53,47,608,1835
613,09-05-15,39,54,47,608,1834
614,09-06-15,41,54,48,608,1833
615,09-07-15,42,53,48,608,1832
616,09-08-15,41,59,50,608,1831
617,09-09-15,46,60,53,609,1830
618,09-10-15,42,56,49,609,1829
619,09-11-15,42,59,51,609,1828
620,09-12-15,41,56,49,609,1828
621,9/13/2015,43,62,53,609,1827
622,9/14/2015,42,62,52,610,1826
623,9/15/2015,40,57,49,610,1825
624,9/16/2015,39,54,47,610,1824
625,9/17/2015,38,53,46,610,1823
626,9/18/2015,38,54,46,610,1822
627,9/19/2015,39,55,47,611,1821
628,9/20/2015,41,58,50,611,1820
629,9/21/2015,43,54,49,611,1819
630,9/22/2015,39,54,47,611,1819
631,9/23/2015,37,54,46,611,1818
632,9/24/2015,38,55,47,612,1817
633,9/25/2015,39,54,47,612,1816
634,9/26/2015,42,53,48,612,1815
635,9/27/2015,39,54,47,612,1814
636,9/28/2015,39,53,46,612,1813
637,9/29/2015,38,52,45,613,1812
638,9/30/2015,39,60,50,613,1811
639,10-01-15,39,57,48,613,1811
640,10-02-15,39,57,48,613,1810
641,10-03-15,43,63,53,614,1809
642,10-04-15,45,57,51,614,1808
643,10-05-15,42,58,50,614,1807
644,10-06-15,39,54,47,614,1806
645,10-07-15,41,62,52,615,1805
646,10-08-15,41,60,51,615,1805
647,10-09-15,40,58,49,615,1804
648,10-10-15,41,56,49,615,1803
649,10-11-15,43,60,52,616,1802
650,10-12-15,40,58,49,616,1801
651,10/13/2015,39,56,48,616,1801
652,10/14/2015,38,58,48,616,1800
653,10/15/2015,39,54,47,617,1759
654,10/16/2015,42,60,51,617,1758
655,10/17/2015,42,54,48,617,1758
656,10/18/2015,40,58,49,618,1757
657,10/19/2015,41,58,50,618,1756
658,10/20/2015,40,57,49,618,1755
659,10/21/2015,41,54,48,619,1755
660,10/22/2015,40,55,48,619,1754
661,10/23/2015,38,56,47,620,1753
662,10/24/2015,42,57,50,620,1753
663,10/25/2015,45,60,53,620,1752
664,10/26/2015,44,63,54,621,1752
665,10/27/2015,42,63,53,621,1751
666,10/28/2015,44,57,51,622,1750
667,10/29/2015,38,53,46,622,1750
668,10/30/2015,42,54,48,622,1749
669,10/31/2015,42,61,52,623,1749
670,11-01-15,41,57,49,623,1748
671,11-02-15,40,59,50,624,1748
672,11-03-15,43,57,50,624,1747
673,11-04-15,42,58,50,625,1747
674,11-05-15,40,60,50,625,1746
675,11-06-15,41,59,50,626,1746
676,11-07-15,42,60,51,626,1746
677,11-08-15,39,58,49,627,1745
678,11-09-15,37,52,45,627,1745
679,11-10-15,35,51,43,628,1745
680,11-11-15,37,53,45,628,1744
681,11-12-15,38,49,44,629,1744
682,11/13/2015,37,49,43,629,1744
683,11/14/2015,36,52,44,630,1743
684,11/15/2015,36,51,44,630,1743
685,11/16/2015,35,52,44,631,1743
686,11/17/2015,37,56,47,632,1743
687,11/18/2015,36,53,45,632,1743
688,11/19/2015,43,56,50,633,1743
689,11/20/2015,43,51,47,633,1742
690,11/21/2015,41,53,47,634,1742
691,11/22/2015,42,58,50,635,1742
692,11/23/2015,42,55,49,635,1742
693,11/24/2015,42,53,48,636,1742
694,11/25/2015,38,55,47,636,1742
695,11/26/2015,40,56,48,637,1742
696,11/27/2015,41,58,50,638,1742
697,11/28/2015,39,54,47,638,1742
698,11/29/2015,40,58,49,639,1742
699,11/30/2015,44,60,52,640,1742
700,12-01-15,43,60,52,640,1743
701,12-02-15,40,61,51,641,1743
702,12-03-15,42,57,50,641,1743
703,12-04-15,42,56,49,642,1743
704,12-05-15,39,58,49,643,1743
705,12-06-15,39,63,51,643,1743
706,12-07-15,45,63,54,644,1744
707,12-08-15,44,60,52,645,1744
708,12-09-15,41,56,49,645,1744
709,12-10-15,39,54,47,646,1745
710,12-11-15,42,53,48,646,1745
711,12-12-15,39,55,47,647,1745
712,12/13/2015,36,52,44,648,1746
713,12/14/2015,36,54,45,648,1746
714,12/15/2015,33,49,41,649,1746
715,12/16/2015,35,53,44,649,1747
716,12/17/2015,37,54,46,650,1747
717,12/18/2015,38,53,46,650,1748
718,12/19/2015,34,46,40,651,1748
719,12/20/2015,35,49,42,651,1749
720,12/21/2015,35,47,41,652,1749
721,12/22/2015,34,51,43,652,1750
722,12/23/2015,33,46,40,653,1750
723,12/24/2015,32,49,41,653,1751
724,12/25/2015,35,48,42,654,1751
725,12/26/2015,35,49,42,654,1752
726,12/27/2015,35,50,43,655,1752
727,12/28/2015,35,45,40,655,1753
728,12/29/2015,31,49,40,655,1753
729,12/30/2015,36,52,44,656,1754
730,12/31/2015,40,56,48,656,1755
731,01-01-16,38,57,48,657,1756
732,01-02-16,35,54,45,657,1756
733,01-03-16,39,54,47,657,1757
734,01-04-16,37,53,45,658,1757
735,01-05-16,34,51,43,658,1758
736,01-06-16,36,56,46,658,1759
737,01-07-16,37,58,48,658,1759
738,01-08-16,37,54,46,659,1800
739,01-09-16,40,54,47,659,1801
740,01-10-16,39,53,46,659,1801
741,01-11-16,37,57,47,659,1802
742,01-12-16,39,54,47,659,1803
743,1/13/2016,37,59,48,659,1803
744,1/14/2016,40,60,50,659,1804
745,1/15/2016,40,56,48,659,1804
746,1/16/2016,38,54,46,700,1805
747,1/17/2016,37,56,47,700,1806
748,1/18/2016,41,55,48,700,1806
749,1/19/2016,40,60,50,700,1807
750,1/20/2016,42,58,50,659,1808
751,1/21/2016,42,57,50,659,1808
752,1/22/2016,41,59,50,659,1809
753,1/23/2016,39,59,49,659,1810
754,1/24/2016,38,55,47,659,1810
755,1/25/2016,35,54,45,659,1811
756,1/26/2016,39,58,49,659,1811
757,1/27/2016,37,59,48,659,1812
758,1/28/2016,44,62,53,658,1813
759,1/29/2016,49,64,57,658,1813
760,1/30/2016,45,62,54,658,1814
761,1/31/2016,41,59,50,658,1814
762,02-01-16,36,54,45,657,1815
763,02-02-16,38,52,45,657,1816
764,02-03-16,38,55,47,657,1816
765,02-04-16,40,58,49,656,1817
766,02-05-16,37,58,48,656,1817
767,02-06-16,36,57,47,655,1818
768,02-07-16,33,47,40,655,1818
769,02-08-16,31,53,42,655,1819
770,02-09-16,37,53,45,654,1819
771,02-10-16,35,55,45,654,1820
772,02-11-16,38,54,46,653,1820
773,02-12-16,41,59,50,653,1821
774,2/13/2016,43,60,52,652,1821
775,2/14/2016,42,60,51,652,1822
776,2/15/2016,38,58,48,651,1822
777,2/16/2016,37,59,48,651,1823
778,2/17/2016,44,57,51,650,1823
779,2/18/2016,38,57,48,649,1823
780,2/19/2016,36,57,47,649,1824
781,2/20/2016,37,59,48,648,1824
782,2/21/2016,39,61,50,647,1825
783,2/22/2016,43,60,52,647,1825
784,2/23/2016,45,63,54,646,1825
785,2/24/2016,45,62,54,646,1826
786,2/25/2016,39,53,46,645,1826
787,2/26/2016,36,53,45,644,1827
788,2/27/2016,36,59,48,643,1827
789,2/28/2016,36,55,46,643,1827
790,2/29/2016,37,60,49,642,1828
791,03-01-16,40,60,50,641,1828
792,03-02-16,39,61,50,640,1828
793,03-03-16,44,57,51,640,1829
794,03-04-16,42,58,50,639,1829
795,03-05-16,39,56,48,638,1829
796,03-06-16,37,60,49,637,1830
797,03-07-16,40,58,49,637,1830
798,03-08-16,43,66,55,636,1830
799,03-09-16,40,60,50,635,1831
800,03-10-16,37,57,47,634,1831
801,03-11-16,36,52,44,633,1831
802,03-12-16,36,54,45,632,1832
803,3/13/2016,38,53,46,632,1832
804,3/14/2016,40,54,47,631,1832
805,3/15/2016,36,52,44,630,1832
806,3/16/2016,38,51,45,629,1833
807,3/17/2016,34,55,45,628,1833
808,3/18/2016,35,53,44,627,1833
809,3/19/2016,36,55,46,626,1833
810,3/20/2016,38,54,46,626,1834
811,3/21/2016,36,55,46,625,1834
812,3/22/2016,35,52,44,624,1834
813,3/23/2016,34,46,40,623,1834
814,3/24/2016,33,47,40,622,1835
815,3/25/2016,31,51,41,621,1835
816,3/26/2016,34,50,42,620,1835
817,3/27/2016,38,56,47,620,1835
818,3/28/2016,42,60,51,619,1836
819,3/29/2016,43,61,52,618,1836
820,3/30/2016,42,60,51,617,1836
821,3/31/2016,44,59,52,616,1836
822,04-01-16,42,57,50,615,1837
823,04-02-16,41,59,50,614,1837
824,04-03-16,42,62,52,614,1837
825,04-04-16,47,60,54,613,1838
826,04-05-16,44,61,53,612,1838
827,04-06-16,40,59,50,611,1838
828,04-07-16,36,60,48,610,1838
829,04-08-16,38,54,46,610,1839
830,04-09-16,40,56,48,609,1839
831,04-10-16,40,54,47,608,1839
832,04-11-16,41,60,51,607,1839
833,04-12-16,41,59,50,606,1840
834,4/13/2016,39,59,49,606,1840
835,4/14/2016,41,57,49,605,1840
836,4/15/2016,36,53,45,604,1841
837,4/16/2016,36,51,44,603,1841
838,4/17/2016,36,53,45,602,1841
839,4/18/2016,37,58,48,602,1841
840,4/19/2016,38,54,46,601,1842
841,4/20/2016,,,,600,1842
842,4/21/2016,44,55,50,600,1842
843,4/22/2016,44,56,50,559,1843
844,4/23/2016,43,57,50,558,1843
845,4/24/2016,42,59,51,558,1843
846,4/25/2016,40,55,48,557,1844
847,4/26/2016,42,57,50,556,1844
848,4/27/2016,40,61,51,556,1844
849,4/28/2016,43,57,50,555,1845
850,4/29/2016,44,61,53,554,1845
851,4/30/2016,39,57,48,554,1845
852,05-01-16,38,60,49,553,1846
853,05-02-16,45,63,54,553,1846
854,05-03-16,43,60,52,552,1846
855,05-04-16,44,65,55,552,1847
856,05-05-16,44,58,51,551,1847
857,05-06-16,41,56,49,550,1847
858,05-07-16,38,55,47,550,1848
859,05-08-16,40,53,47,550,1848
860,05-09-16,36,52,44,549,1849
861,05-10-16,34,52,43,549,1849
862,05-11-16,36,54,45,548,1849
863,05-12-16,37,53,45,548,1850
864,5/13/2016,38,50,44,547,1850
865,5/14/2016,39,61,50,547,1851
866,5/15/2016,44,59,52,547,1851
867,5/16/2016,43,60,52,546,1851
868,5/17/2016,43,60,52,546,1852
869,5/18/2016,43,58,51,546,1852
870,5/19/2016,40,61,51,545,1853
871,5/20/2016,41,57,49,545,1853
872,5/21/2016,40,58,49,545,1853
873,5/22/2016,38,56,47,545,1854
874,5/23/2016,36,51,44,544,1854
875,5/24/2016,33,51,42,544,1855
876,5/25/2016,36,49,43,544,1855
877,5/26/2016,36,52,44,544,1855
878,5/27/2016,35,52,44,544,1856
879,5/28/2016,39,51,45,543,1856
880,5/29/2016,39,53,46,543,1856
881,5/30/2016,38,55,47,543,1857
882,5/31/2016,44,54,49,543,1857
883,06-01-16,41,54,48,543,1858
884,06-02-16,40,58,49,543,1858
885,06-03-16,41,56,49,543,1858
886,06-04-16,44,60,52,543,1859
887,06-05-16,45,58,52,543,1859
888,06-06-16,44,57,51,543,1859
889,06-07-16,44,59,52,543,1900
890,06-08-16,45,58,52,543,1900
891,06-09-16,46,60,53,543,1900
892,06-10-16,44,61,53,543,1901
893,06-11-16,40,54,47,543,1901
894,06-12-16,40,58,49,543,1901
895,6/13/2016,40,58,49,544,1902
896,6/14/2016,38,57,48,544,1902
897,6/15/2016,40,55,48,544,1902
898,6/16/2016,42,61,52,544,1902
899,6/17/2016,46,60,53,544,1903
900,6/18/2016,41,60,51,544,1903
901,6/19/2016,42,60,51,545,1903
902,6/20/2016,41,57,49,545,1903
903,6/21/2016,39,56,48,545,1904
904,6/22/2016,40,56,48,545,1904
905,6/23/2016,42,56,49,545,1904
906,6/24/2016,42,58,50,546,1904
907,6/25/2016,43,56,50,546,1904
908,6/26/2016,41,55,48,546,1904
909,6/27/2016,37,53,45,546,1905
910,6/28/2016,39,53,46,547,1905
911,6/29/2016,38,54,46,547,1905
912,6/30/2016,43,58,51,547,1905
913,07-01-16,39,57,48,548,1905
914,07-02-16,43,63,53,548,1905
915,07-03-16,45,67,56,548,1905
916,07-04-16,44,58,51,549,1905
917,07-05-16,40,54,47,549,1905
918,07-06-16,38,56,47,549,1905
919,07-07-16,43,61,52,550,1905
920,07-08-16,43,60,52,550,1905
921,07-09-16,42,56,49,550,1905
922,07-10-16,39,51,45,551,1905
923,07-11-16,36,50,43,551,1905
924,07-12-16,38,52,45,551,1904
925,7/13/2016,36,54,45,552,1904
926,7/14/2016,39,56,48,552,1904
927,7/15/2016,42,57,50,553,1904
928,7/16/2016,39,57,48,553,1904
929,7/17/2016,40,54,47,553,1904
930,7/18/2016,39,49,44,554,1903
931,7/19/2016,38,52,45,554,1903
932,7/20/2016,40,55,48,554,1903
933,7/21/2016,41,62,52,555,1902
934,7/22/2016,40,57,49,555,1902
935,7/23/2016,43,52,48,556,1902
936,7/24/2016,44,51,48,556,1901
937,7/25/2016,42,58,50,556,1901
938,7/26/2016,41,59,50,557,1901
939,7/27/2016,39,57,48,557,1900
940,7/28/2016,38,59,49,557,1900
941,7/29/2016,37,58,48,558,1859
942,7/30/2016,39,57,48,558,1859
943,7/31/2016,41,55,48,558,1859
944,08-01-16,42,56,49,559,1858
945,08-02-16,40,58,49,559,1858
946,08-03-16,37,57,47,559,1857
947,08-04-16,40,58,49,600,1857
948,08-05-16,41,62,52,600,1856
949,08-06-16,37,59,48,600,1855
950,08-07-16,40,58,49,601,1855
951,08-08-16,42,60,51,601,1854
952,08-09-16,40,60,50,601,1854
953,08-10-16,42,62,52,602,1853
954,08-11-16,42,60,51,602,1852
955,08-12-16,44,61,53,602,1852
956,8/13/2016,41,54,48,603,1851
957,8/14/2016,42,53,48,603,1850
958,8/15/2016,40,56,48,603,1850
959,8/16/2016,39,56,48,603,1849
960,8/17/2016,40,60,50,604,1848
961,8/18/2016,42,59,51,604,1848
962,8/19/2016,43,57,50,604,1847
963,8/20/2016,37,59,48,604,1846
964,8/21/2016,40,54,47,605,1845
965,8/22/2016,44,49,47,605,1845
966,8/23/2016,42,53,48,605,1844
967,8/24/2016,41,53,47,605,1843
968,8/25/2016,41,54,48,606,1842
969,8/26/2016,41,58,50,606,1841
970,8/27/2016,38,54,46,606,1841
971,8/28/2016,35,53,44,606,1840
972,8/29/2016,38,50,44,607,1839
973,8/30/2016,37,58,48,607,1838
974,8/31/2016,42,49,46,607,1837
975,09-01-16,40,54,47,607,1836
976,09-02-16,41,59,50,607,1836
977,09-03-16,41,52,47,608,1835
978,09-04-16,41,52,47,608,1834
979,09-05-16,40,55,48,608,1833
980,09-06-16,39,59,49,608,1832
981,09-07-16,37,55,46,608,1831
982,09-08-16,36,52,44,609,1830
983,09-09-16,38,55,47,609,1829
984,09-10-16,39,56,48,609,1828
985,09-11-16,37,56,47,609,1828
986,09-12-16,42,57,50,609,1827
987,9/13/2016,42,57,50,610,1826
988,9/14/2016,39,52,46,610,1825
989,9/15/2016,38,46,42,610,1824
990,9/16/2016,39,54,47,610,1823
991,9/17/2016,42,55,49,610,1822
992,9/18/2016,41,57,49,611,1821
993,9/19/2016,42,60,51,611,1820
994,9/20/2016,42,59,51,611,1819
995,9/21/2016,44,59,52,611,1819
996,9/22/2016,41,55,48,611,1818
997,9/23/2016,40,55,48,612,1817
998,9/24/2016,40,54,47,612,1816
999,9/25/2016,38,55,47,612,1815
1000,9/26/2016,41,58,50,612,1814
1001,9/27/2016,37,50,44,612,1813
1002,9/28/2016,36,53,45,613,1812
1003,9/29/2016,36,59,48,613,1811
1004,9/30/2016,39,58,49,613,1811
1005,10-01-16,39,56,48,613,1810
1006,10-02-16,37,55,46,614,1809
1007,10-03-16,38,49,44,614,1808
1008,10-04-16,40,51,46,614,1807
1009,10-05-16,37,53,45,614,1806
1010,10-06-16,38,50,44,615,1805
1011,10-07-16,36,52,44,615,1805
1012,10-08-16,38,52,45,615,1804
1013,10-09-16,35,55,45,615,1803
1014,10-10-16,41,56,49,616,1802
1015,10-11-16,40,56,48,616,1801
1016,10-12-16,38,63,51,616,1801
1017,10/13/2016,42,62,52,616,1800
1018,10/14/2016,45,63,54,617,1759
1019,10/15/2016,45,64,55,617,1758
1020,10/16/2016,40,58,49,617,1758
1021,10/17/2016,39,58,49,618,1757
1022,10/18/2016,40,56,48,618,1756
1023,10/19/2016,39,57,48,618,1755
1024,10/20/2016,38,51,45,619,1755
1025,10/21/2016,38,55,47,619,1754
1026,10/22/2016,37,56,47,620,1753
1027,10/23/2016,42,62,52,620,1753
1028,10/24/2016,42,61,52,620,1752
1029,10/25/2016,38,56,47,621,1752
1030,10/26/2016,40,59,50,621,1751
1031,10/27/2016,40,58,49,622,1750
1032,10/28/2016,41,55,48,622,1750
1033,10/29/2016,38,54,46,622,1749
1034,10/30/2016,39,55,47,623,1749
1035,10/31/2016,40,56,48,623,1748
1036,11-01-16,42,55,49,624,1748
1037,11-02-16,38,58,48,624,1747
1038,11-03-16,42,59,51,625,1747
1039,11-04-16,40,58,49,625,1746
1040,11-05-16,41,58,50,626,1746
1041,11-06-16,38,59,49,626,1746
1042,11-07-16,38,56,47,627,1745
1043,11-08-16,38,53,46,627,1745
1044,11-09-16,41,54,48,628,1745
1045,11-10-16,43,54,49,628,1744
1046,11-11-16,40,54,47,629,1744
1047,11-12-16,36,54,45,629,1744
1048,11/13/2016,38,57,48,630,1743
1049,11/14/2016,41,57,49,630,1743
1050,11/15/2016,40,56,48,631,1743
1051,11/16/2016,41,54,48,632,1743
1052,11/17/2016,40,56,48,632,1743
1053,11/18/2016,40,57,49,633,1743
1054,11/19/2016,41,58,50,633,1742
1055,11/20/2016,41,54,48,634,1742
1056,11/21/2016,38,53,46,635,1742
1057,11/22/2016,36,52,44,635,1742
1058,11/23/2016,41,57,49,636,1742
1059,11/24/2016,39,55,47,636,1742
1060,11/25/2016,39,56,48,637,1742
1061,11/26/2016,42,57,50,638,1742
1062,11/27/2016,41,56,49,638,1742
1063,11/28/2016,38,54,46,639,1742
1064,11/29/2016,38,52,45,640,1742
1065,11/30/2016,34,46,40,640,1743
1066,12-01-16,31,37,34,641,1743
1067,12-02-16,32,38,35,641,1743
1068,12-03-16,35,44,40,642,1743
1069,12-04-16,37,44,41,643,1743
1070,12-05-16,42,52,47,643,1743
1071,12-06-16,40,52,46,644,1744
1072,12-07-16,37,49,43,645,1744
1073,12-08-16,40,51,46,645,1744
1074,12-09-16,39,50,45,646,1745
1075,12-10-16,39,43,41,646,1745
1076,12-11-16,37,50,44,647,1745
1077,12-12-16,36,49,43,648,1746
1078,12/13/2016,36,48,42,648,1746
1079,12/14/2016,36,53,45,649,1746
1080,12/15/2016,33,55,44,649,1747
1081,12/16/2016,34,44,39,650,1747
1082,12/17/2016,35,48,42,650,1748
1083,12/18/2016,33,41,37,651,1748
1084,12/19/2016,37,50,44,651,1749
1085,12/20/2016,38,51,45,652,1749
1086,12/21/2016,37,53,45,652,1750
1087,12/22/2016,38,56,47,653,1750
1088,12/23/2016,39,55,47,653,1751
1089,12/24/2016,37,56,47,654,1751
1090,12/25/2016,36,48,42,654,1752
1091,12/26/2016,35,49,42,655,1752
1092,12/27/2016,35,53,44,655,1753
1093,12/28/2016,35,51,43,655,1753
1094,12/29/2016,29,45,37,656,1754
1095,12/30/2016,33,45,39,656,1755
1096,12/31/2016,33,43,38,657,1755
1097,01-01-17,31,46,39,657,1756
1098,01-02-17,34,52,43,657,1756
1099,01-03-17,35,51,43,657,1757
1100,01-04-17,34,50,42,658,1757
1101,01-05-17,33,46,40,658,1758
1102,01-06-17,34,48,41,658,1759
1103,01-07-17,33,48,41,658,1759
1104,01-08-17,33,52,43,659,1800
1105,01-09-17,39,55,47,659,1801
1106,01-10-17,36,53,45,659,1801
1107,01-11-17,34,50,42,659,1802
1108,01-12-17,29,49,39,659,1803
1109,1/13/2017,34,52,43,659,1803
1110,1/14/2017,37,50,44,659,1804
1111,1/15/2017,35,55,45,659,1804
1112,1/16/2017,38,51,45,700,1805
1113,1/17/2017,39,54,47,700,1806
1114,1/18/2017,38,54,46,700,1806
1115,1/19/2017,43,57,50,700,1807
1116,1/20/2017,41,61,51,659,1808
1117,1/21/2017,36,54,45,659,1808
1118,1/22/2017,34,49,42,659,1809
1119,1/23/2017,31,48,40,659,1810
1120,1/24/2017,30,45,38,659,1810
1121,1/25/2017,29,50,40,659,1811
1122,1/26/2017,38,54,46,659,1811
1123,1/27/2017,42,59,51,659,1812
1124,1/28/2017,36,55,46,658,1813
1125,1/29/2017,34,52,43,658,1813
1126,1/30/2017,31,49,40,658,1814
1127,1/31/2017,33,52,43,658,1814
1128,02-01-17,32,48,40,657,1815
1129,02-02-17,31,51,41,657,1816
1130,02-03-17,34,47,41,657,1816
1131,02-04-17,33,52,43,656,1817
1132,02-05-17,40,57,49,656,1817
1133,02-06-17,41,55,48,655,1818
1134,02-07-17,38,51,45,655,1818
1135,02-08-17,38,54,46,655,1819
1136,02-09-17,40,55,48,654,1819
1137,02-10-17,44,56,50,654,1820
1138,02-11-17,33,53,43,653,1820
1139,02-12-17,32,53,43,653,1821
1140,2/13/2017,38,56,47,652,1821
1141,2/14/2017,41,58,50,652,1822
1142,2/15/2017,41,56,49,651,1822
1143,2/16/2017,37,57,47,651,1823
1144,2/17/2017,40,57,49,650,1823
1145,2/18/2017,37,52,45,649,1823
1146,2/19/2017,32,47,40,649,1824
1147,2/20/2017,28,46,37,648,1824
1148,2/21/2017,25,40,33,647,1825
1149,2/22/2017,27,42,35,647,1825
1150,2/23/2017,25,42,34,646,1825
1151,2/24/2017,25,45,35,646,1826
1152,2/25/2017,31,47,39,645,1826
1153,2/26/2017,36,43,40,644,1827
1154,2/27/2017,33,43,38,643,1827
1155,2/28/2017,34,43,39,643,1827
1156,03-01-17,33,44,39,642,1828
1157,03-02-17,34,48,41,641,1828
1158,03-03-17,34,52,43,640,1828
1159,03-04-17,33,53,43,640,1829
1160,03-05-17,36,51,44,639,1829
1161,03-06-17,34,50,42,638,1829
1162,03-07-17,34,52,43,637,1830
1163,03-08-17,36,49,43,637,1830
1164,03-09-17,35,46,41,636,1830
1165,03-10-17,33,48,41,635,1831
1166,03-11-17,31,42,37,634,1831
1167,03-12-17,31,45,38,633,1831
1168,3/13/2017,34,50,42,632,1832
1169,3/14/2017,35,54,45,632,1832
1170,3/15/2017,38,56,47,631,1832
1171,3/16/2017,35,55,45,630,1832
1172,3/17/2017,36,56,46,629,1833
1173,3/18/2017,39,59,49,628,1833
1174,3/19/2017,40,55,48,627,1833
1175,3/20/2017,38,56,47,626,1833
1176,3/21/2017,39,60,50,626,1834
1177,3/22/2017,41,61,51,625,1834
1178,3/23/2017,36,51,44,624,1834
1179,3/24/2017,38,58,48,623,1834
1180,3/25/2017,35,56,46,622,1835
1181,3/26/2017,35,57,46,621,1835
1182,3/27/2017,39,59,49,620,1835
1183,3/28/2017,40,56,48,620,1835
1184,3/29/2017,41,58,50,619,1836
1185,3/30/2017,37,56,47,618,1836
1186,3/31/2017,39,53,46,617,1836
1187,04-01-17,35,54,45,616,1836
1188,04-02-17,36,54,45,615,1837
1189,04-03-17,38,55,47,614,1837
1190,04-04-17,41,61,51,614,1837
1191,04-05-17,46,64,55,613,1838
1192,04-06-17,45,62,54,612,1838
1193,04-07-17,46,63,55,611,1838
1194,04-08-17,42,64,53,610,1838
1195,04-09-17,41,57,49,610,1839
1196,04-10-17,38,53,46,609,1839
1197,04-11-17,36,56,46,608,1839
1198,04-12-17,34,48,41,607,1839
1199,4/13/2017,36,55,46,606,1840
1200,4/14/2017,34,47,41,606,1840
1201,4/15/2017,34,51,43,605,1840
1202,4/16/2017,37,53,45,604,1841
1203,4/17/2017,35,54,45,603,1841
1204,4/18/2017,36,52,44,602,1841
1205,4/19/2017,,,,602,1841
1206,4/20/2017,35,53,44,601,1842
1207,4/21/2017,35,56,46,600,1842
1208,4/22/2017,38,61,50,600,1842
1209,4/23/2017,39,55,47,559,1843
1210,4/24/2017,38,55,47,558,1843
1211,4/25/2017,40,60,50,558,1843
1212,4/26/2017,44,59,52,557,1844
1213,4/27/2017,42,58,50,556,1844
1214,4/28/2017,35,53,44,556,1844
1215,4/29/2017,36,50,43,555,1845
1216,4/30/2017,35,44,40,554,1845
1217,05-01-17,35,46,41,554,1845
1218,05-02-17,35,49,42,553,1846
1219,05-03-17,36,47,42,553,1846
1220,05-04-17,38,60,49,552,1846
1221,05-05-17,38,60,49,552,1847
1222,05-06-17,40,61,51,551,1847
1223,05-07-17,39,56,48,550,1847
1224,05-08-17,38,57,48,550,1848
1225,05-09-17,36,56,46,550,1848
1226,05-10-17,35,53,44,549,1849
1227,05-11-17,36,50,43,549,1849
1228,05-12-17,37,58,48,548,1849
1229,5/13/2017,38,55,47,548,1850
1230,5/14/2017,36,55,46,547,1850
1231,5/15/2017,34,53,44,547,1851
1232,5/16/2017,35,53,44,547,1851
1233,5/17/2017,34,53,44,546,1851
1234,5/18/2017,35,49,42,546,1852
1235,5/19/2017,35,51,43,546,1852
1236,5/20/2017,39,57,48,545,1853
1237,5/21/2017,43,56,50,545,1853
1238,5/22/2017,43,63,53,545,1853
1239,5/23/2017,43,65,54,545,1854
1240,5/24/2017,42,53,48,544,1854
1241,5/25/2017,38,53,46,544,1855
1242,5/26/2017,35,50,43,544,1855
1243,5/27/2017,33,48,41,544,1855
1244,5/28/2017,32,49,41,544,1856
1245,5/29/2017,38,53,46,543,1856
1246,5/30/2017,36,56,46,543,1856
1247,5/31/2017,43,58,51,543,1857
1248,06-01-17,45,62,54,543,1857
1249,06-02-17,44,64,54,543,1858
1250,06-03-17,44,63,54,543,1858
1251,06-04-17,44,63,54,543,1858
1252,06-05-17,43,59,51,543,1859
1253,06-06-17,42,60,51,543,1859
1254,06-07-17,43,62,53,543,1859
1255,06-08-17,47,64,56,543,1900
1256,06-09-17,46,66,56,543,1900
1257,06-10-17,43,62,53,543,1900
1258,06-11-17,41,61,51,543,1901
1259,06-12-17,42,58,50,543,1901
1260,6/13/2017,40,60,50,543,1901
1261,6/14/2017,39,57,48,544,1902
1262,6/15/2017,39,55,47,544,1902
1263,6/16/2017,40,58,49,544,1902
1264,6/17/2017,42,59,51,544,1902
1265,6/18/2017,46,60,53,544,1903
1266,6/19/2017,46,65,56,544,1903
1267,6/20/2017,47,64,56,545,1903
1268,6/21/2017,47,62,55,545,1903
1269,6/22/2017,46,61,54,545,1904
1270,6/23/2017,45,57,51,545,1904
1271,6/24/2017,45,62,54,545,1904
1272,6/25/2017,44,57,51,546,1904
1273,6/26/2017,40,62,51,546,1904
1274,6/27/2017,45,63,54,546,1904
1275,6/28/2017,41,56,49,546,1905
1276,6/29/2017,42,61,52,547,1905
1277,6/30/2017,44,61,53,547,1905
1278,07-01-17,40,57,49,547,1905
1279,07-02-17,39,54,47,548,1905
1280,07-03-17,42,59,51,548,1905
1281,07-04-17,40,56,48,548,1905
1282,07-05-17,40,56,48,549,1905
1283,07-06-17,41,57,49,549,1905
1284,07-07-17,40,59,50,549,1905
1285,07-08-17,39,58,49,550,1905
1286,07-09-17,40,54,47,550,1905
1287,07-10-17,38,53,46,550,1905
1288,07-11-17,39,55,47,551,1905
1289,07-12-17,40,57,49,551,1905
1290,7/13/2017,39,58,49,551,1904
1291,7/14/2017,38,54,46,552,1904
1292,7/15/2017,36,52,44,552,1904
1293,7/16/2017,42,58,50,553,1904
1294,7/17/2017,42,57,50,553,1904
1295,7/18/2017,41,53,47,553,1904
1296,7/19/2017,40,59,50,554,1903
1297,7/20/2017,41,61,51,554,1903
1298,7/21/2017,40,60,50,554,1903
1299,7/22/2017,42,60,51,555,1902
1300,7/23/2017,40,62,51,555,1902
1301,7/24/2017,42,53,48,556,1902
1302,7/25/2017,40,58,49,556,1901
1303,7/26/2017,38,58,48,556,1901
1304,7/27/2017,43,59,51,557,1901
1305,7/28/2017,44,60,52,557,1900
1306,7/29/2017,41,57,49,557,1900
1307,7/30/2017,44,61,53,558,1859
1308,7/31/2017,44,63,54,558,1859
1309,08-01-17,42,56,49,558,1859
1310,08-02-17,39,54,47,559,1858
1311,08-03-17,40,54,47,559,1858
1312,08-04-17,42,63,53,559,1857
1313,08-05-17,45,65,55,600,1857
1314,08-06-17,43,58,51,600,1856
1315,08-07-17,43,58,51,600,1855
1316,08-08-17,42,59,51,601,1855
1317,08-09-17,42,58,50,601,1854
1318,08-10-17,41,59,50,601,1854
1319,08-11-17,45,63,54,602,1853
1320,08-12-17,47,66,57,602,1852
1321,8/13/2017,45,62,54,602,1852
1322,8/14/2017,43,58,51,603,1851
1323,8/15/2017,43,59,51,603,1850
1324,8/16/2017,43,58,51,603,1850
1325,8/17/2017,41,58,50,603,1849
1326,8/18/2017,42,60,51,604,1848
1327,8/19/2017,39,56,48,604,1848
1328,8/20/2017,40,55,48,604,1847
1329,8/21/2017,38,49,44,604,1846
1330,8/22/2017,40,57,49,605,1845
1331,8/23/2017,44,59,52,605,1845
1332,8/24/2017,44,62,53,605,1844
1333,8/25/2017,44,61,53,605,1843
1334,8/26/2017,41,58,50,606,1842
1335,8/27/2017,40,58,49,606,1841
1336,8/28/2017,38,55,47,606,1841
1337,8/29/2017,39,52,46,606,1840
1338,8/30/2017,37,54,46,607,1839
1339,8/31/2017,40,59,50,607,1838
1340,09-01-17,44,63,54,607,1837
1341,09-02-17,40,56,48,607,1836
1342,09-03-17,42,59,51,607,1836
1343,09-04-17,40,58,49,608,1835
1344,09-05-17,40,58,49,608,1834
1345,09-06-17,41,55,48,608,1833
1346,09-07-17,37,53,45,608,1832
1347,09-08-17,39,53,46,608,1831
1348,09-09-17,38,51,45,609,1830
1349,09-10-17,39,53,46,609,1829
1350,09-11-17,41,55,48,609,1828
1351,09-12-17,42,58,50,609,1828
1352,9/13/2017,43,56,50,609,1827
1353,9/14/2017,43,59,51,610,1826
1354,9/15/2017,42,60,51,610,1825
1355,9/16/2017,42,60,51,610,1824
1356,9/17/2017,45,64,55,610,1823
1357,9/18/2017,42,60,51,610,1822
1358,9/19/2017,39,57,48,611,1821
1359,9/20/2017,38,50,44,611,1820
1360,9/21/2017,39,53,46,611,1819
1361,9/22/2017,37,50,44,611,1819
1362,9/23/2017,39,54,47,611,1818
1363,9/24/2017,35,54,45,612,1817
1364,9/25/2017,39,56,48,612,1816
1365,9/26/2017,37,56,47,612,1815
1366,9/27/2017,39,58,49,612,1814
1367,9/28/2017,40,60,50,612,1813
1368,9/29/2017,41,60,51,613,1812
1369,9/30/2017,36,51,44,613,1811
1370,10-01-17,37,53,45,613,1811
1371,10-02-17,38,54,46,613,1810
1372,10-03-17,39,56,48,614,1809
1373,10-04-17,40,60,50,614,1808
1374,10-05-17,42,60,51,614,1807
1375,10-06-17,43,58,51,614,1806
1376,10-07-17,41,55,48,615,1805
1377,10-08-17,42,58,50,615,1805
1378,10-09-17,48,59,54,615,1804
1379,10-10-17,44,59,52,615,1803
1380,10-11-17,44,57,51,616,1802
1381,10-12-17,41,57,49,616,1801
1382,10/13/2017,39,53,46,616,1801
1383,10/14/2017,37,54,46,616,1800
1384,10/15/2017,39,51,45,617,1759
1385,10/16/2017,38,57,48,617,1758
1386,10/17/2017,40,57,49,617,1758
1387,10/18/2017,44,60,52,618,1757
1388,10/19/2017,42,59,51,618,1756
1389,10/20/2017,39,54,47,618,1755
1390,10/21/2017,39,57,48,619,1755
1391,10/22/2017,38,53,46,619,1754
1392,10/23/2017,38,55,47,620,1753
1393,10/24/2017,44,54,49,620,1753
1394,10/25/2017,44,52,48,620,1752
1395,10/26/2017,42,60,51,621,1752
1396,10/27/2017,40,60,50,621,1751
1397,10/28/2017,42,59,51,622,1750
1398,10/29/2017,40,55,48,622,1750
1399,10/30/2017,39,53,46,622,1749
1400,10/31/2017,37,51,44,623,1749
1401,11-01-17,37,54,46,623,1748
1402,11-02-17,37,56,47,624,1748
1403,11-03-17,41,57,49,624,1747
1404,11-04-17,41,55,48,625,1747
1405,11-05-17,41,58,50,625,1746
1406,11-06-17,44,61,53,626,1746
1407,11-07-17,42,62,52,626,1746
1408,11-08-17,42,60,51,627,1745
1409,11-09-17,40,58,49,627,1745
1410,11-10-17,39,57,48,628,1745
1411,11-11-17,39,53,46,628,1744
1412,11-12-17,36,47,42,629,1744
1413,11/13/2017,35,49,42,629,1744
1414,11/14/2017,36,50,43,630,1743
1415,11/15/2017,36,50,43,630,1743
1416,11/16/2017,34,48,41,631,1743
1417,11/17/2017,35,51,43,632,1743
1418,11/18/2017,36,50,43,632,1743
1419,11/19/2017,36,47,42,633,1743
1420,11/20/2017,34,50,42,633,1742
1421,11/21/2017,34,48,41,634,1742
1422,11/22/2017,33,48,41,635,1742
1423,11/23/2017,31,47,39,635,1742
1424,11/24/2017,35,50,43,636,1742
1425,11/25/2017,33,47,40,636,1742
1426,11/26/2017,33,48,41,637,1742
1427,11/27/2017,35,45,40,638,1742
1428,11/28/2017,40,47,44,638,1742
1429,11/29/2017,39,49,44,639,1742
1430,11/30/2017,39,47,43,640,1742
1431,12-01-17,39,49,44,640,1743
1432,12-02-17,34,46,40,641,1743
1433,12-03-17,35,50,43,641,1743
1434,12-04-17,36,53,45,642,1743
1435,12-05-17,32,49,41,643,1743
1436,12-06-17,33,47,40,643,1743
1437,12-07-17,34,50,42,644,1744
1438,12-08-17,33,53,43,645,1744
1439,12-09-17,37,58,48,645,1744
1440,12-10-17,35,52,44,646,1745
1441,12-11-17,34,54,44,646,1745
1442,12-12-17,35,56,46,647,1745
1443,12/13/2017,32,45,39,648,1746
1444,12/14/2017,30,45,38,648,1746
1445,12/15/2017,31,44,38,649,1746
1446,12/16/2017,32,49,41,649,1747
1447,12/17/2017,36,52,44,650,1747
1448,12/18/2017,36,49,43,650,1748
1449,12/19/2017,35,43,39,651,1748
1450,12/20/2017,33,38,36,651,1749
1451,12/21/2017,32,39,36,652,1749
1452,12/22/2017,31,49,40,652,1750
1453,12/23/2017,36,50,43,653,1750
1454,12/24/2017,36,54,45,653,1751
1455,12/25/2017,34,50,42,654,1751
1456,12/26/2017,35,53,44,654,1752
1457,12/27/2017,37,53,45,655,1752
1458,12/28/2017,36,49,43,655,1753
1459,12/29/2017,33,52,43,655,1753
1460,12/30/2017,36,52,44,656,1754
1461,12/31/2017,34,54,44,656,1755
1462,01-01-18,35,52,44,657,1756
1463,01-02-18,32,56,44,657,1756
1464,01-03-18,35,49,42,657,1757
1465,01-04-18,39,55,47,658,1757
1466,01-05-18,38,55,47,658,1758
1467,01-06-18,39,58,49,658,1759
1468,01-07-18,38,54,46,658,1759
1469,01-08-18,40,53,47,659,1800
1470,01-09-18,34,50,42,659,1801
1471,01-10-18,31,47,39,659,1801
1472,01-11-18,31,46,39,659,1802
1473,01-12-18,32,52,42,659,1803
1474,1/13/2018,37,53,45,659,1803
1475,1/14/2018,37,54,46,659,1804
1476,1/15/2018,36,54,45,659,1804
1477,1/16/2018,38,55,47,700,1805
1478,1/17/2018,37,57,47,700,1806
1479,1/18/2018,36,54,45,700,1806
1480,1/19/2018,37,54,46,700,1807
1481,1/20/2018,33,50,42,659,1808
1482,1/21/2018,34,48,41,659,1808
1483,1/22/2018,33,48,41,659,1809
1484,1/23/2018,33,47,40,659,1810
1485,1/24/2018,34,47,41,659,1810
1486,1/25/2018,34,46,40,659,1811
1487,1/26/2018,34,43,39,659,1811
1488,1/27/2018,35,43,39,659,1812
1489,1/28/2018,33,43,38,658,1813
1490,1/29/2018,31,46,39,658,1813
1491,1/30/2018,34,50,42,658,1814
1492,1/31/2018,33,46,40,658,1814
1493,02-01-18,35,51,43,657,1815
1494,02-02-18,37,50,44,657,1816
1495,02-03-18,37,50,44,657,1816
1496,02-04-18,34,49,42,656,1817
1497,02-05-18,32,48,40,656,1817
1498,02-06-18,31,41,36,655,1818
1499,02-07-18,28,42,35,655,1818
1500,02-08-18,30,45,38,655,1819
1501,02-09-18,29,45,37,654,1819
1502,02-10-18,31,46,39,654,1820
1503,02-11-18,35,49,42,653,1820
1504,02-12-18,36,52,44,653,1821
1505,2/13/2018,40,55,48,652,1821
1506,2/14/2018,41,55,48,652,1822
1507,2/15/2018,39,56,48,651,1822
1508,2/16/2018,38,55,47,651,1823
1509,2/17/2018,34,42,38,650,1823
1510,2/18/2018,33,47,40,649,1823
1511,2/19/2018,31,43,37,649,1824
1512,2/20/2018,31,47,39,648,1824
1513,2/21/2018,38,43,41,647,1825
1514,2/22/2018,35,41,38,647,1825
1515,2/23/2018,35,45,40,646,1825
1516,2/24/2018,37,49,43,646,1826
1517,2/25/2018,38,46,42,645,1826
1518,2/26/2018,37,49,43,644,1827
1519,2/27/2018,36,51,44,643,1827
1520,2/28/2018,39,56,48,643,1827
1521,03-01-18,40,53,47,642,1828
1522,03-02-18,40,54,47,641,1828
1523,03-03-18,40,52,46,640,1828
1524,03-04-18,38,54,46,640,1829
1525,03-05-18,34,46,40,639,1829
1526,03-06-18,31,46,39,638,1829
1527,03-07-18,30,44,37,637,1830
1528,03-08-18,31,44,38,637,1830
1529,03-09-18,33,46,40,636,1830
1530,03-10-18,35,49,42,635,1831
1531,03-11-18,35,52,44,634,1831
1532,03-12-18,39,44,42,633,1831
1533,3/13/2018,38,44,41,632,1832
1534,3/14/2018,39,48,44,632,1832
1535,3/15/2018,36,47,42,631,1832
1536,3/16/2018,36,47,42,630,1832
1537,3/17/2018,38,49,44,629,1833
1538,3/18/2018,36,52,44,628,1833
1539,3/19/2018,35,48,42,627,1833
1540,3/20/2018,35,45,40,626,1833
1541,3/21/2018,37,46,42,626,1834
1542,3/22/2018,36,45,41,625,1834
1543,3/23/2018,38,50,44,624,1834
1544,3/24/2018,33,42,38,623,1834
1545,3/25/2018,35,49,42,622,1835
1546,3/26/2018,34,45,40,621,1835
1547,3/27/2018,33,53,43,620,1835
1548,3/28/2018,35,55,45,620,1835
1549,3/29/2018,35,52,44,619,1836
1550,3/30/2018,33,53,43,618,1836
1551,3/31/2018,34,47,41,617,1836
1552,04-01-18,34,52,43,616,1836
1553,04-02-18,41,53,47,615,1837
1554,04-03-18,41,51,46,614,1837
1555,04-04-18,44,58,51,614,1837
1556,04-05-18,42,55,49,613,1838
1557,04-06-18,41,54,48,612,1838
1558,04-07-18,40,48,44,611,1838
1559,04-08-18,38,50,44,610,1838
1560,04-09-18,39,47,43,610,1839
1561,04-10-18,39,53,46,609,1839
1562,04-11-18,37,54,46,608,1839
1563,04-12-18,37,53,45,607,1839
1564,4/13/2018,34,49,42,606,1840
1565,4/14/2018,34,51,43,606,1840
1566,4/15/2018,35,47,41,605,1840
1567,4/16/2018,39,49,44,604,1841
1568,4/17/2018,37,53,45,603,1841
1569,4/18/2018,38,57,48,602,1841
1570,4/19/2018,37,49,43,602,1841
1571,4/20/2018,35,42,39,601,1842
1572,4/21/2018,37,51,44,600,1842
1573,4/22/2018,37,58,48,600,1842
1574,4/23/2018,40,60,50,559,1843
1575,4/24/2018,38,56,47,558,1843
1576,4/25/2018,35,50,43,558,1843
1577,4/26/2018,37,51,44,557,1844
1578,4/27/2018,37,53,45,556,1844
1579,4/28/2018,38,53,46,556,1844
1580,4/29/2018,40,59,50,555,1845
1581,4/30/2018,43,53,48,554,1845
1582,05-01-18,43,54,49,554,1845
1583,05-02-18,42,50,46,553,1846
1584,05-03-18,41,54,48,553,1846
1585,05-04-18,38,54,46,552,1846
1586,05-05-18,38,57,48,552,1847
1587,05-06-18,42,54,48,551,1847
1588,05-07-18,42,55,49,550,1847
1589,05-08-18,42,55,49,550,1848
1590,05-09-18,42,57,50,550,1848
1591,05-10-18,41,55,48,549,1849
1592,05-11-18,37,54,46,549,1849
1593,05-12-18,36,54,45,548,1849
1594,5/13/2018,34,53,44,548,1850
1595,5/14/2018,36,52,44,547,1850
1596,5/15/2018,39,52,46,547,1851
1597,5/16/2018,36,52,44,547,1851
1598,5/17/2018,38,50,44,546,1851
1599,5/18/2018,37,54,46,546,1852
1600,5/19/2018,41,59,50,546,1852
1601,5/20/2018,40,59,50,545,1853
1602,5/21/2018,42,55,49,545,1853
1603,5/22/2018,41,59,50,545,1853
1604,5/23/2018,43,61,52,545,1854
1605,5/24/2018,46,66,56,544,1854
1606,5/25/2018,47,62,55,544,1855
1607,5/26/2018,47,64,56,544,1855
1608,5/27/2018,45,60,53,544,1855
1609,5/28/2018,41,58,50,544,1856
1610,5/29/2018,44,50,47,543,1856
1611,5/30/2018,43,60,52,543,1856
1612,5/31/2018,45,65,55,543,1857
1613,06-01-18,47,58,53,543,1857
1614,06-02-18,45,63,54,543,1858
1615,06-03-18,46,65,56,543,1858
1616,06-04-18,46,64,55,543,1858
1617,06-05-18,44,59,52,543,1859
1618,06-06-18,39,53,46,543,1859
1619,06-07-18,40,57,49,543,1859
1620,06-08-18,38,56,47,543,1900
1621,06-09-18,41,59,50,543,1900
1622,06-10-18,40,57,49,543,1900
1623,06-11-18,39,57,48,543,1901
1624,06-12-18,38,52,45,543,1901
1625,6/13/2018,39,53,46,543,1901
1626,6/14/2018,38,55,47,544,1902
1627,6/15/2018,40,53,47,544,1902
1628,6/16/2018,37,55,46,544,1902
1629,6/17/2018,43,59,51,544,1902
1630,6/18/2018,44,58,51,544,1903
1631,6/19/2018,42,59,51,544,1903
1632,6/20/2018,45,61,53,545,1903
1633,6/21/2018,44,59,52,545,1903
1634,6/22/2018,44,60,52,545,1904
1635,6/23/2018,44,61,53,545,1904
1636,6/24/2018,42,60,51,545,1904
1637,6/25/2018,40,57,49,546,1904
1638,6/26/2018,40,57,49,546,1904
1639,6/27/2018,39,60,50,546,1904
1640,6/28/2018,42,60,51,546,1905
1641,6/29/2018,39,55,47,547,1905
1642,6/30/2018,41,58,50,547,1905
1643,07-01-18,40,52,46,547,1905
1644,07-02-18,40,48,44,548,1905
1645,07-03-18,39,52,46,548,1905
1646,07-04-18,40,54,47,548,1905
1647,07-05-18,39,63,51,549,1905
1648,07-06-18,41,60,51,549,1905
1649,07-07-18,39,55,47,549,1905
1650,07-08-18,39,53,46,550,1905
1651,07-09-18,36,50,43,550,1905
1652,07-10-18,37,56,47,550,1905
1653,07-11-18,43,59,51,551,1905
1654,07-12-18,45,57,51,551,1905
1655,7/13/2018,45,61,53,551,1904
1656,7/14/2018,42,55,49,552,1904
1657,7/15/2018,42,54,48,552,1904
1658,7/16/2018,41,63,52,553,1904
1659,7/17/2018,44,62,53,553,1904
1660,7/18/2018,42,59,51,553,1904
1661,7/19/2018,41,58,50,554,1903
1662,7/20/2018,40,59,50,554,1903
1663,7/21/2018,45,61,53,554,1903
1664,7/22/2018,44,63,54,555,1902
1665,7/23/2018,45,61,53,555,1902
1666,7/24/2018,43,58,51,556,1902
1667,7/25/2018,42,57,50,556,1901
1668,7/26/2018,43,56,50,556,1901
1669,7/27/2018,43,59,51,557,1901
1670,7/28/2018,44,61,53,557,1900
1671,7/29/2018,47,58,53,557,1900
1672,7/30/2018,42,55,49,558,1859
1673,7/31/2018,40,59,50,558,1859
1674,08-01-18,40,60,50,558,1859
1675,08-02-18,38,56,47,559,1858
1676,08-03-18,40,57,49,559,1858
1677,08-04-18,41,61,51,559,1857
1678,08-05-18,45,65,55,600,1857
1679,08-06-18,46,65,56,600,1856
1680,08-07-18,46,64,55,600,1855
1681,08-08-18,44,54,49,601,1855
1682,08-09-18,45,58,52,601,1854
1683,08-10-18,41,56,49,601,1854
1684,08-11-18,40,57,49,602,1853
1685,08-12-18,40,60,50,602,1852
1686,8/13/2018,42,58,50,602,1852
1687,8/14/2018,39,55,47,603,1851
1688,8/15/2018,40,55,48,603,1850
1689,8/16/2018,40,53,47,603,1850
1690,8/17/2018,40,54,47,603,1849
1691,8/18/2018,41,60,51,604,1848
1692,8/19/2018,41,58,50,604,1848
1693,8/20/2018,41,58,50,604,1847
1694,8/21/2018,41,58,50,604,1846
1695,8/22/2018,42,51,47,605,1845
1696,8/23/2018,44,48,46,605,1845
1697,8/24/2018,45,54,50,605,1844
1698,8/25/2018,44,55,50,605,1843
1699,8/26/2018,43,49,46,606,1842
1700,8/27/2018,42,49,46,606,1841
1701,8/28/2018,40,50,45,606,1841
1702,8/29/2018,42,54,48,606,1840
1703,8/30/2018,40,54,47,607,1839
1704,8/31/2018,38,54,46,607,1838
1705,09-01-18,39,55,47,607,1837
1706,09-02-18,40,56,48,607,1836
1707,09-03-18,41,58,50,607,1836
1708,09-04-18,39,59,49,608,1835
1709,09-05-18,40,59,50,608,1834
1710,09-06-18,37,55,46,608,1833
1711,09-07-18,38,53,46,608,1832
1712,09-08-18,38,53,46,608,1831
1713,09-09-18,39,54,47,609,1830
1714,09-10-18,37,56,47,609,1829
1715,09-11-18,41,58,50,609,1828
1716,09-12-18,42,52,47,609,1828
1717,9/13/2018,40,51,46,609,1827
1718,9/14/2018,36,55,46,610,1826
1719,9/15/2018,39,54,47,610,1825
1720,9/16/2018,39,56,48,610,1824
1721,9/17/2018,41,57,49,610,1823
1722,9/18/2018,40,54,47,610,1822
1723,9/19/2018,43,57,50,611,1821
1724,9/20/2018,41,57,49,611,1820
1725,9/21/2018,42,60,51,611,1819
1726,9/22/2018,44,63,54,611,1819
1727,9/23/2018,46,61,54,611,1818
1728,9/24/2018,41,60,51,612,1817
1729,9/25/2018,41,56,49,612,1816
1730,9/26/2018,40,54,47,612,1815
1731,9/27/2018,40,56,48,612,1814
1732,9/28/2018,43,59,51,612,1813
1733,9/29/2018,43,61,52,613,1812
1734,9/30/2018,43,62,53,613,1811
1735,10-01-18,40,63,52,613,1811
1736,10-02-18,41,56,49,613,1810
1737,10-03-18,40,59,50,614,1809
1738,10-04-18,43,58,51,614,1808
1739,10-05-18,42,56,49,614,1807
1740,10-06-18,40,51,46,614,1806
1741,10-07-18,42,51,47,615,1805
1742,10-08-18,42,52,47,615,1805
1743,10-09-18,40,52,46,615,1804
1744,10-10-18,39,51,45,615,1803
1745,10-11-18,39,53,46,616,1802
1746,10-12-18,38,54,46,616,1801
1747,10/13/2018,41,54,48,616,1801
1748,10/14/2018,39,56,48,616,1800
1749,10/15/2018,38,52,45,617,1759
1750,10/16/2018,40,55,48,617,1758
1751,10/17/2018,37,52,45,617,1758
1752,10/18/2018,37,51,44,618,1757
1753,10/19/2018,,,,618,1756
1754,10/20/2018,38,48,43,618,1755
1755,10/21/2018,36,47,42,619,1755
1756,10/22/2018,35,52,44,619,1754
1757,10/23/2018,37,52,45,620,1753
1758,10/24/2018,40,54,47,620,1753
1759,10/25/2018,38,56,47,620,1752
1760,10/26/2018,37,53,45,621,1752
1761,10/27/2018,38,52,45,621,1751
1762,10/28/2018,41,52,47,622,1750
1763,10/29/2018,38,53,46,622,1750
1764,10/30/2018,44,53,49,622,1749
1765,10/31/2018,43,55,49,623,1749
1766,11-01-18,41,57,49,623,1748
1767,11-02-18,35,52,44,624,1748
1768,11-03-18,34,46,40,624,1747
1769,11-04-18,33,46,40,625,1747
1770,11-05-18,35,51,43,625,1746
1771,11-06-18,32,48,40,626,1746
1772,11-07-18,35,48,42,626,1746
1773,11-08-18,33,51,42,627,1745
1774,11-09-18,37,52,45,627,1745
1775,11-10-18,39,53,46,628,1745
1776,11-11-18,34,52,43,628,1744
1777,11-12-18,33,56,45,629,1744
1778,11/13/2018,37,55,46,629,1744
1779,11/14/2018,38,56,47,630,1743
1780,11/15/2018,38,53,46,630,1743
1781,11/16/2018,40,52,46,631,1743
1782,11/17/2018,40,52,46,632,1743
1783,11/18/2018,37,51,44,632,1743
1784,11/19/2018,35,51,43,633,1743
1785,11/20/2018,35,54,45,633,1742
1786,11/21/2018,34,54,44,634,1742
1787,11/22/2018,32,50,41,635,1742
1788,11/23/2018,33,51,42,635,1742
1789,11/24/2018,41,54,48,636,1742
1790,11/25/2018,38,57,48,636,1742
1791,11/26/2018,41,56,49,637,1742
1792,11/27/2018,40,57,49,638,1742
1793,11/28/2018,42,56,49,638,1742
1794,11/29/2018,38,57,48,639,1742
1795,11/30/2018,38,52,45,640,1742
1796,12-01-18,36,52,44,640,1743
1797,12-02-18,33,51,42,641,1743
1798,12-03-18,36,53,45,641,1743
1799,12-04-18,39,56,48,642,1743
1800,12-05-18,36,53,45,643,1743
1801,12-06-18,36,52,44,643,1743
1802,12-07-18,37,53,45,644,1744
1803,12-08-18,34,53,44,645,1744
1804,12-09-18,36,53,45,645,1744
1805,12-10-18,36,55,46,646,1745
1806,12-11-18,38,56,47,646,1745
1807,12-12-18,39,54,47,647,1745
1808,12/13/2018,36,54,45,648,1746
1809,12/14/2018,36,56,46,648,1746
1810,12/15/2018,40,53,47,649,1746
1811,12/16/2018,40,57,49,649,1747
1812,12/17/2018,42,60,51,650,1747
1813,12/18/2018,35,51,43,650,1748
1814,12/19/2018,32,51,42,651,1748
1815,12/20/2018,37,58,48,651,1749
1816,12/21/2018,42,57,50,652,1749
1817,12/22/2018,40,54,47,652,1750
1818,12/23/2018,39,55,47,653,1750
1819,12/24/2018,36,52,44,653,1751
1820,12/25/2018,36,48,42,654,1751
1821,12/26/2018,35,45,40,654,1752
1822,12/27/2018,33,44,39,655,1752
1823,12/28/2018,33,47,40,655,1753
1824,12/29/2018,36,47,42,655,1753
1825,12/30/2018,39,52,46,656,1754
